created_at,chatbot_id,chatbot_name,conversation_id,message_id,role,content,tokens_used,num_sources,top_doc,top_similarity,estimated_cost
2026-02-01T22:10:50.764683+00:00,1,Customer Support Bot,72,184,assistant,"I'm an AI assistant and do not have access to real-time information about specific menus or offerings. To find out if a particular restaurant or food establishment has gluten-free options, I recommend checking their menu online, calling the establishment directly, or visiting their website for more information on their gluten-free offerings.",161,0,,,
2026-02-01T22:10:53.403086+00:00,1,Customer Support Bot,72,186,assistant,"I don't have real-time shipping information. Shipping times can vary depending on the courier, shipping method selected, and the point of origin of the shipment. To get an accurate estimate of shipping times to London, I recommend checking with the specific courier or online retailer you are considering using for shipping. They can provide the most up-to-date information on shipping times for your specific order.",252,0,,,
2026-02-01T22:10:54.147752+00:00,1,Customer Support Bot,72,188,assistant,The upload size limit on this platform is 5MB.,279,0,,,
2026-02-01T22:10:55.825999+00:00,1,Customer Support Bot,72,190,assistant,The capital of France is Paris.,226,0,,,
2026-02-01T22:11:07.934461+00:00,1,Customer Support Bot,73,192,assistant,I do not have access to specific menus or information about gluten-free options unless it was provided in the uploaded documents. Feel free to inquire with the restaurant or food service directly for their gluten-free options.,141,0,,,
2026-02-01T22:11:08.864880+00:00,1,Customer Support Bot,73,194,assistant,I do not have access to specific shipping information unless it was provided in the uploaded documents. It would be best to check with the shipping company or retailer directly for shipping times to London.,193,0,,,
2026-02-01T22:11:09.980639+00:00,1,Customer Support Bot,73,196,assistant,The upload size limit can vary depending on the platform or service being used. It would be best to refer to the specific guidelines or help section of the platform to determine the upload size limit.,246,0,,,
2026-02-01T22:11:11.393070+00:00,1,Customer Support Bot,73,198,assistant,The capital of France is Paris.,213,0,,,
2026-02-01T22:30:19.185410+00:00,11,On Sustainability & Supplier Assistant,74,200,assistant,The goal for 2022 is to develop a comprehensive guideline for sustainable packaging and pilot innovative sustainable packaging solutions to minimize environmental impact [Source 1].,667,5,impact-report-2022-2.pdf,0.8312959779515634,
2026-02-01T22:30:35.890636+00:00,11,On Sustainability & Supplier Assistant,74,202,assistant,The goal for the next year (2025) is to publish a Circular roadmap to scale [Source 2].,859,5,On-2024-Impact-Progress-Report.pdf,0.8266598805820062,
2026-02-01T22:30:57.962868+00:00,11,On Sustainability & Supplier Assistant,74,204,assistant,I do not have access to information regarding the 2026 roadmap in the uploaded documents.,806,5,On-2024-Impact-Progress-Report.pdf,0.810536749359596,
2026-02-01T22:31:08.211868+00:00,11,On Sustainability & Supplier Assistant,74,206,assistant,I do not have access to information regarding the 2025 roadmap in the uploaded documents.,733,5,On-2024-Impact-Progress-Report.pdf,0.8098769524998887,
2026-02-01T22:31:22.897564+00:00,11,On Sustainability & Supplier Assistant,74,208,assistant,I do not have information on the current weather in Paris in the uploaded documents.,743,5,On-2024-Impact-Progress-Report.pdf,0.7825612057855493,
2026-02-01T22:33:55.526613+00:00,11,On Sustainability & Supplier Assistant,75,210,assistant,"I can provide information on Tier 1 and Strategic Tier 2 suppliers, including their names, locations, number of workers, supplier since, and product types. The Tier 1 suppliers include GELAL ÇORAP SAN. ve TiC. A.Ş in Turkiye, while the Strategic Tier 2 suppliers include COSMO VIETNAM CO.,LTD and Vietnam Paiho Limited in Vietnam, as well as ARTESA KUMAS SANAYI VE DIS TICARET A.S and Henateks Boya ve Apre San. Tic. A.Ş in Turkiye [Source 1].",836,5,suppliers-list.pdf,0.7503647142518802,
2026-02-01T22:34:13.578793+00:00,11,On Sustainability & Supplier Assistant,75,212,assistant,The information provided does not specify which supplier has the biggest stock.,741,5,On-2024-Impact-Progress-Report.pdf,0.7235152419696091,
2026-02-01T22:34:26.982211+00:00,11,On Sustainability & Supplier Assistant,75,214,assistant,The information provided does not specify which supplier is the oldest.,879,5,On-2024-Impact-Progress-Report.pdf,0.7292256082134693,
2026-02-01T22:35:57.075911+00:00,11,On Sustainability & Supplier Assistant,75,216,assistant,"The document mentions establishing long-term, high-impact partnerships with various organizations, but it does not specify which supplier has the longest relationship.",639,5,impact-report-2022-2.pdf,0.7405856041911015,
2026-02-01T22:59:17.087152+00:00,10,CS Department Assistant,76,218,assistant,The deadline for the Interim Progress Demonstration (IPD) is on 05/02/26 [Source 1].,708,5,6COSC023W_Handbook_2025_26.docx,0.809759061308063,
2026-02-01T22:59:28.073563+00:00,10,CS Department Assistant,76,220,assistant,"The requirements for submission of the Project Proposal and Requirements Specification (PPRS) include presentation slides, a handout, and a signed Ethics Application [Source 5].",767,5,6COSC023W & 6CSEF002W - W5 - Ethical and Legal Considerations.pdf,0.7961687072722268,
2026-02-01T22:59:47.637280+00:00,10,CS Department Assistant,76,222,assistant,The requirements for the Interim Progress Demonstration (IPD) submission include a video presentation and a prototype [Source 1].,805,5,6COSC023W_Handbook_2025_26.docx,0.8190643278025658,
2026-02-01T23:00:03.372411+00:00,10,CS Department Assistant,76,224,assistant,"Unfortunately, more detailed information about the Interim Progress Demonstration (IPD) submission is not available in the provided documents.",635,5,6COSC023W_Handbook_2025_26.docx,0.7601432215850684,
2026-02-01T23:00:25.610558+00:00,10,CS Department Assistant,76,226,assistant,The specific video specifications for the Interim Progress Demonstration (IPD) submission are not provided in the available documents.,789,5,6COSC023W_Handbook_2025_26.docx,0.787739653083283,
2026-02-01T23:00:44.356060+00:00,9,TOOK TOOK Resturant,77,228,assistant,The spicy items on the menu are: - SPICY GREEN PAPAYA SALAD [Source 1] - PEPPER CHILLI LAMB [Source 2] - SPICY CHICKEN WINGS [Source 5],966,5,took-took-vegan-menu-web.pdf,0.8213835834070021,
2026-02-01T23:00:52.741314+00:00,9,TOOK TOOK Resturant,77,230,assistant,The gluten-free items on the menu are: - CHICKEN RAMEN [Source 5] - VEGAN & GLUTEN-FREE MENU AVAILABLE [Source 5],1141,5,took-took-eat-in-menu-web.pdf,0.8150450650211196,
2026-02-01T23:01:11.082835+00:00,9,TOOK TOOK Resturant,77,232,assistant,The gluten-free items are priced as follows: - CHICKEN RAMEN - 15.25 [Source 1] - VEGAN & GLUTEN-FREE MENU AVAILABLE [Source 2],989,5,took-took-vegan-menu-web.pdf,0.7596706979680851,
2026-02-01T23:08:18.127831+00:00,12,Healthcare Administration Assistant,78,234,assistant,"The policies mentioned in the provided context refer to insurance policies for healthcare practitioners, specifically surgeons working in the independent sector. These policies include occurrence-based and claims-made insurance.   1. **Occurrence-based policy**: Provides coverage as long as the loss occurred while the policy was active, accommodating situations that may not result in immediate claims or lawsuits. The aggregate limit resets every year, offering renewed coverage [Source 1], [Source 5].  2. **Claims-made policy**: Coverage only takes effect when a claim is filed during the policy period. Once a claim is paid that reaches the aggregate limit, there will be no further protection. The coverage purchased must last for the duration of the policy [Source 1], [Source 5].",769,5,Working-in-the-independent-sector-good-practice-guide.pdf,0.7527397482781143,
2026-02-01T23:08:32.673237+00:00,12,Healthcare Administration Assistant,78,236,assistant,"As an AI assistant, I do not perform surgeries or provide medical services. My purpose is to assist with information and answer questions to the best of my ability based on the provided context. If you have any questions or need information regarding eye surgery or any other topic, feel free to ask, and I'll do my best to provide relevant information.",808,5,RCS-_Outpatient-Clinics.pdf,0.7811537261139524,
2026-02-01T23:08:55.056095+00:00,12,Healthcare Administration Assistant,78,238,assistant,"The outpatient clinics mentioned in the provided context offer various services related to patient care and treatment. Some of the services provided by these clinics include:  1. **One-stop clinics**: These clinics offer multiple services simultaneously or in sequence during a single visit. Patients can receive all aspects of their outpatient care in one visit, minimizing disruption to work or other commitments and reducing the stress and cost of multiple hospital visits [Source 1].  2. **Drop-in clinics**: These clinics provide specified times when clinicians are available for patients undergoing or recently receiving treatment to speak to the care team. They can serve as points of contact for concerns or questions, sometimes replacing follow-up clinics when there is no clinical requirement to see patients [Source 4].  These clinics aim to efficiently use resources, focus care on patients in need, and provide a better-attended and improved service for patients by understanding their needs and delivering comprehensive care [Source 1], [Source 2], [Source 3].",1034,5,RCS-_Outpatient-Clinics.pdf,0.8218632424669473,
